<?xml version="1.0" encoding="UTF-8"?>
<?xml-stylesheet type="text/xsl" href="CDA.xsl"?>
<!--
 Title:        Continuity of Care Document (CCD)
 
 This file was based on MU testing file named: 170.315_b1_toc_gold_sample2_v2.xml
 All component/section wihtin structuredBody have been emptied to provide a template for testing specific entries
 
 ********************************************************
 Disclaimer: This sample file contains representative data elements to represent a Continuity of Care Document (CCD). 
 The file depicts a fictional character's health data. Any resemblance to a real person is coincidental. 
 To illustrate as many data elements as possible, the clinical scenario may not be plausible. 
 The data in this sample file is not intended to represent real patients, people or clinical events. 
 This sample is designed to be used in conjunction with the C-CDA Clinical Notes Implementation Guide.
 ********************************************************
 -->
<ClinicalDocument xmlns="urn:hl7-org:v3" xmlns:xsi="http://www.w3.org/2001/XMLSchema-instance" xsi:schemaLocation="C:\XML\CDA_SDTC_Schema\infrastructure\cda\CDA_SDTC.xsd"
	xmlns:voc="urn:hl7-org:v3/voc" xmlns:sdtc="urn:hl7-org:sdtc">
	<realmCode code="US"/>
	<typeId extension="POCD_HD000040" root="2.16.840.1.113883.1.3"/>
	<!-- US Realm Header ID-->
	<templateId root="2.16.840.1.113883.10.20.22.1.1" extension="2015-08-01"/>
	<templateId root="2.16.840.1.113883.10.20.22.1.1"/>
	<!-- CCD template ID-->
	<templateId root="2.16.840.1.113883.10.20.22.1.2" extension="2015-08-01"/>
	<templateId root="2.16.840.1.113883.10.20.22.1.2"/>
	<!-- Globally unique identifier for the document  -->
	<id extension="TT662" root="2.16.840.1.113883.19.5.99999.1"/>
	<code code="34133-9" displayName="Summarization of Episode Note" codeSystem="2.16.840.1.113883.6.1" codeSystemName="LOINC"/>
	<!-- Title of this document -->
	<title>Resultados Lab + </title>

	<effectiveTime value="201507221800-0500" />

	<confidentialityCode code="N" displayName="normal" codeSystem="2.16.840.1.113883.5.25" codeSystemName="Confidentiality"/>
	<languageCode code="en-US"/>
	<setId extension="sTT662" root="2.16.840.1.113883.19.5.99999.19"/>
	<!-- Version of this document -->
	<versionNumber value="1"/>
	<recordTarget>
		<patientRole>
			<id extension="414122222" root="2.16.840.1.113883.4.1"/>
			<!-- Example Social Security Number using the actual SSN OID. -->
			<addr use="HP">
				<!-- HP is "primary home" from codeSystem 2.16.840.1.113883.5.1119 -->
				<streetAddressLine>1357 Amber Dr</streetAddressLine>
				<city>Beaverton</city>
				<state>OR</state>
				<postalCode>97006</postalCode>
				<country>US</country>
				<!-- US is "United States" from ISO 3166-1 Country Codes: 1.0.3166.1 -->
			</addr>
			<telecom value="tel:+1(555)-777-1234" use="MC"/>
			<telecom value="tel:+1(555)-723-1544" use="HP"/>
			<!-- HP is "primary home" from HL7 AddressUse 2.16.840.1.113883.5.1119 -->
			<patient>
				<name use="L">
					<given>Jose Luis</given>
					<family>Andreu</family>
					<suffix>Sr.</suffix>
				</name>
				<administrativeGenderCode code="M" displayName="Male" codeSystem="2.16.840.1.113883.5.1" codeSystemName="AdministrativeGender"/>
				<!-- Date of birth need only be precise to the day -->
				<birthTime value="19800801"/>
				<maritalStatusCode nullFlavor="NI"/>
				<religiousAffiliationCode code="1013" displayName="Christian (non-Catholic, non-specific)" codeSystem="2.16.840.1.113883.5.1076" codeSystemName="HL7 Religious Affiliation"/>
				<raceCode nullFlavor="UNK"/>
				<sdtc:raceCode nullFlavor="UNK"/>
				<ethnicGroupCode nullFlavor="UNK"/>
				<languageCommunication>
					<languageCode code="en"/>
					<modeCode code="ESP" displayName="Expressed spoken"
						codeSystem="2.16.840.1.113883.5.60" codeSystemName="LanguageAbilityMode"/>
					<preferenceInd value="true"/>
				</languageCommunication>
			</patient>
			<providerOrganization>
				<id extension="99999999" root="2.16.840.1.113883.4.6"/>
				<name>HGUGM</name>
				<telecom use="WP" value="tel:+1(555)-555-5000"/>
				<addr>
					<streetAddressLine>1002 Healthcare Dr</streetAddressLine>
					<city>Portland</city>
					<state>OR</state>
					<postalCode>97266</postalCode>
					<country>US</country>
				</addr>
			</providerOrganization>
		</patientRole>
	</recordTarget>
	<!-- The author represents the person who provides the content in the document -->
	<author>
		<time value="20150722"/>
		<assignedAuthor>
			<id extension="111111" root="2.16.840.1.113883.4.6"/>
			<code code="281P00000X" codeSystem="2.16.840.1.113883.6.101"
				displayName="Chronic Disease Hospital"/>
			<addr>
				<streetAddressLine>1002 Healthcare Dr</streetAddressLine>
				<city>Portland</city>
				<state>OR</state>
				<postalCode>97266</postalCode>
				<country>US</country>
			</addr>
			<telecom use="WP" value="tel:+1(555)-555-1002"/>
			<assignedPerson>
				<name>
					<prefix>Dr</prefix>
					<given>Henry</given>
					<family>Seven</family>
				</name>
			</assignedPerson>
		</assignedAuthor>
	</author>
	<!-- The dataEnterer transferred the content created by the author into the document -->
	<dataEnterer>
		<assignedEntity>
			<id root="2.16.840.1.113883.4.6" extension="999999943252"/>
			<addr>
				<streetAddressLine>1002 Healthcare Dr</streetAddressLine>
				<city>Portland</city>
				<state>OR</state>
				<postalCode>97266</postalCode>
				<country>US</country>
			</addr>
			<telecom use="WP" value="tel:+1(555)-555-1002"/>
			<assignedPerson>
				<name>
					<given>Mary</given>
					<family>McDonald</family>
				</name>
			</assignedPerson>
		</assignedEntity>
	</dataEnterer>
	<!-- The informant represents any sources of information for document content -->
	<informant>
		<assignedEntity>
			<id extension="KP00017" root="2.16.840.1.113883.19.5"/>
			<addr>
				<streetAddressLine>1002 Healthcare Dr</streetAddressLine>
				<city>Portland</city>
				<state>OR</state>
				<postalCode>97266</postalCode>
				<country>US</country>
			</addr>
			<telecom use="WP" value="tel:+1(555)-555-1002"/>
			<assignedPerson>
				<name>
					<given>Henry</given>
					<family>Seven</family>
				</name>
			</assignedPerson>
		</assignedEntity>
	</informant>
	<informant>
		<relatedEntity classCode="PRS">
			<!-- classCode PRS represents a person with personal relationship with the patient. -->
			<code code="SPS" displayName="SPOUSE" codeSystem="2.16.840.1.113883.1.11.19563"
				codeSystemName="Personal Relationship Role Type Value Set"/>
			<relatedPerson>
				<name>
					<given>Caroline</given>
					<family>Maur</family>
				</name>
			</relatedPerson>
		</relatedEntity>
	</informant>
	<!-- The custodian represents the organization charged with maintaining the original source document -->
	<custodian>
		<assignedCustodian>
			<representedCustodianOrganization>
				<id extension="99998899" root="2.16.840.1.113883.4.6"/>
				<name>HOSPITAL PRIVADO</name>
				<telecom use="WP" value="tel:+1(555)-555-5000"/>
				<addr>
					<streetAddressLine>1002 Healthcare Dr</streetAddressLine>
					<city>Portland</city>
					<state>OR</state>
					<postalCode>97266</postalCode>
					<country>US</country>
				</addr>
			</representedCustodianOrganization>
		</assignedCustodian>
	</custodian>
	<!-- The informationRecipient represents the intended recipient of the document -->
	<informationRecipient>
		<intendedRecipient>
			<informationRecipient>
				<name>
					<prefix>Dr</prefix>
					<given>Henry</given>
					<family>Seven</family>
				</name>
			</informationRecipient>
			<receivedOrganization>
				<name>SERMAS - HGUGM</name>
			</receivedOrganization>
		</intendedRecipient>
	</informationRecipient>
	<!-- The legalAuthenticator represents the individual who is responsible for the document -->
	<legalAuthenticator>
		<time value="20150722"/>
		<signatureCode code="S"/>
		<assignedEntity>
			<id extension="999998899" root="2.16.840.1.113883.4.6"/>
			<addr>
				<streetAddressLine>1002 Healthcare Dr</streetAddressLine>
				<city>Portland</city>
				<state>OR</state>
				<postalCode>97266</postalCode>
				<country>US</country>
			</addr>
			<telecom use="WP" value="tel:+1(555)-555-1002"/>
			<assignedPerson>
				<name>
					<prefix>Dr</prefix>
					<given>Henry</given>
					<family>Seven</family>
				</name>
			</assignedPerson>
		</assignedEntity>
	</legalAuthenticator>
	<!-- The authenticator represents the individual attesting to the accuracy of information in the document-->
	<authenticator>
		<time value="20150722"/>
		<signatureCode code="S"/>
		<assignedEntity>
			<id extension="999998899" root="2.16.840.1.113883.4.6"/>
			<addr>
				<streetAddressLine>1002 Healthcare Dr</streetAddressLine>
				<city>Portland</city>
				<state>OR</state>
				<postalCode>97266</postalCode>
				<country>US</country>
			</addr>
			<telecom use="WP" value="tel:+1(555)-555-1002"/>
			<assignedPerson>
				<name>
					<prefix>Dr</prefix>
					<given>Henry</given>
					<family>Seven</family>
				</name>
			</assignedPerson>
		</assignedEntity>
	</authenticator>
	<!-- The participant represents supporting entities -->
	<participant typeCode="IND">
		<!-- patient's grandfather -->
		<associatedEntity classCode="PRS">
			<code code="GPARNT" displayName="grandparent" codeSystem="2.16.840.1.113883.1.11.19563"
				codeSystemName="Personal Relationship Role Type Value Set"/>
			<addr use="HP">
				<!-- HP is "primary home" from codeSystem 2.16.840.1.113883.5.1119 -->
				<streetAddressLine>1357 Amber Dr</streetAddressLine>
				<city>Beaverton</city>
				<state>OR</state>
				<postalCode>97006</postalCode>
				<country>US</country>
				<!-- US is "United States" from ISO 3166-1 Country Codes: 1.0.3166.1 -->
			</addr>
			<telecom value="tel:+1(555)-723-1544" use="HP"/>
			<associatedPerson>
				<name>
					<prefix>Mr.</prefix>
					<given>Issac</given>
					<family>Maur</family>
				</name>
			</associatedPerson>
		</associatedEntity>
	</participant>
	<!-- Note: Entities playing multiple roles are recorded in multiple participants -->
	<participant typeCode="IND">
		<!-- patient's spouse -->
		<associatedEntity classCode="PRS">
			<code code="SPS" displayName="SPOUSE" codeSystem="2.16.840.1.113883.1.11.19563"
				codeSystemName="Personal Relationship Role Type Value Set"/>
			<addr use="HP">
				<!-- HP is "primary home" from codeSystem 2.16.840.1.113883.5.1119 -->
				<streetAddressLine>1357 Amber Dr</streetAddressLine>
				<city>Beaverton</city>
				<state>OR</state>
				<postalCode>97006</postalCode>
				<country>US</country>
				<!-- US is "United States" from ISO 3166-1 Country Codes: 1.0.3166.1 -->
			</addr>
			<telecom value="tel:+1(555)-723-1544" use="HP"/>
			<associatedPerson>
				<name>
					<prefix>Ms</prefix>
					<given>Caroline</given>
					<family>Maur</family>
				</name>
			</associatedPerson>
		</associatedEntity>
	</participant>	
	<documentationOf>
		<serviceEvent classCode="PCPR">
			<code code="423123007" codeSystem="2.16.840.1.113883.6.96" codeSystemName="SNOMED-CT"
				displayName="Burn by Fire"/>
			<effectiveTime>
				<low value="201507221800-0500"/>
				<high value="20150722230000-5000"/>
			</effectiveTime>
			<!-- since there are two Care Team members we need two performer elements. -db -->
			<!-- Note: example of Care Team here:
			https://github.com/gecole/HL7-Task-Force-Examples/blob/master/CareTeamToC170.314b2Ambulatory.xml
			db -->
			<performer typeCode="PRF">
				<functionCode code="PCP" codeSystem="2.16.840.1.113883.5.88" codeSystemName="ParticipationFunction" displayName="Primary Care Provider">
					<originalText>Primary Care Provider</originalText>
				</functionCode>
				<assignedEntity>
					<id extension="5555555555" root="2.16.840.1.113883.4.6"/>
					<code code="207QA0505X" displayName="Adult Medicine" codeSystem="2.16.840.1.113883.6.101" codeSystemName="Healthcare Provider Taxonomy (HIPAA)"/>
					<addr>
						<streetAddressLine>1002 Healthcare Dr</streetAddressLine>
						<city>Portland</city>
						<state>OR</state>
						<postalCode>97266</postalCode>
						<country>US</country>
					</addr>
					<telecom use="WP" value="tel:+1(555)-555-1002"/>
					<assignedPerson>
						<name>
							<prefix qualifier="TITLE">Dr</prefix>
							<given>Henry</given>
							<family>Seven</family>
						</name>
					</assignedPerson>
					<representedOrganization>
						<id extension="99998899" root="2.16.840.1.113883.4.6"/>
						<name>Community Health and Hospitals</name>
						<telecom use="WP" value="tel:+1(555)-555-5000"/>
						<addr>
							<streetAddressLine>1002 Healthcare Dr</streetAddressLine>
							<city>Portland</city>
							<state>OR</state>
							<postalCode>97266</postalCode>
							<country>US</country>
						</addr>
					</representedOrganization>
				</assignedEntity>
			</performer>
			<performer typeCode="PRF">
				<!-- we do not have a function code for this person since recording as RN for now -->
				<time>
					<low nullFlavor="UNK"/>
				</time>
				<assignedEntity>
					<!-- this provider has an id, but it is not an NPI  -->
					<id extension="91138" root="1.3.6.1.4.1.22812.4.99930.4"/>
					<!-- the provider is a Registered Nurse - may not be so -->
					<!-- note: we don't know what Mary is from the test data
						 but since not specified, RN should not be an issue -db -->
					<code codeSystem="2.16.840.1.113883.6.101" codeSystemName="NUCC Health Care Provider Taxonomy" code="163W00000X" displayName="Registered Nurse"/>
					<addr>
						<streetAddressLine>1002 Healthcare Dr</streetAddressLine>
						<city>Portland</city>
						<state>OR</state>
						<postalCode>97266</postalCode>
						<country>US</country>
					</addr>
					<telecom use="WP" value="tel:+1(555)-555-1002"/>
					<assignedPerson>
						<name>
							<given>Mary</given>
							<family>McDonald</family>
						</name>
					</assignedPerson>
				</assignedEntity>
			</performer>			
		</serviceEvent>
	</documentationOf>
	<!-- added componentOf to represent encounter and to represent length of stay better as per SME suggestion -db -->
	<componentOf>
		<encompassingEncounter>
			<id extension="9937012" root="2.16.840.1.113883.19"/>
			<effectiveTime>
				<!-- represents length of time spent in hospital -db -->
				<low value="201507221800-0500"/>
				<high value="20150722230000-5000"/>
			</effectiveTime>			
		</encompassingEncounter>
	</componentOf>
	<!-- ******************************************************** CDA Body ******************************************************** -->
	<component>
		<structuredBody>

			<!-- ***************** ALLERGIES *************** -->
			<!-- No known allergies -->
		

			<!-- ******************************* MEDICATIONS ***************************** -->
			<!-- No known medications -->			
			

			<!-- ******************************* MEDICATIONS ADMINISTERED			***************************** 
				NO known medications 
			-->
		

			<!-- ***************** PROBLEM LIST *********************** -->
			<!-- Problem examples -->		
			

			<!-- ************************ ENCOUNTERS *********************** -->
			<!-- No known encounters -->
			<component>
				<section nullFlavor="NI">
					<!-- *** Encounters section (entries required) (V3) *** -->
					<templateId root="2.16.840.1.113883.10.20.22.2.22.1" extension="2015-08-01"/>
					<templateId root="2.16.840.1.113883.10.20.22.2.22.1"/>
					<code code="46240-8" codeSystem="2.16.840.1.113883.6.1" codeSystemName="LOINC" displayName="History of encounters"/>
					<title>ENCOUNTERS</title>
					<text>No Encounters</text>
				</section>
			</component>

			<!-- ************** PROCEDURES ***************** -->
			<!-- edited as per test doc - all of this data is directly relevant -db -->
			<!-- (NO) UDI section based off of 	https://github.com/brettmarquard/HL7-C-CDA-Task-Force-Examples/blob/master/No_Implanted_Devices.xml 
			-db -->
		


			<!-- ************** No UDI ***************** -->
		


			<!-- ******************** IMMUNIZATIONS ********************* -->
			<!-- No immunizations -->
			

			<!-- ************* VITAL SIGNS *************** -->
			<!-- No vital signs  -db -->
			<component>
				<section nullFlavor="NI">
					<templateId root="2.16.840.1.113883.10.20.22.2.4.1" extension="2015-08-01" />
					<code code="8716-3" codeSystem="2.16.840.1.113883.6.1" codeSystemName="LOINC" displayName="VITAL SIGNS" />
					<title>VITAL SIGNS</title>
					<text>No Recorded Vital Signs</text>
				</section>
			</component>

			<!-- ******************* SOCIAL HISTORY ********************* -->
			<!-- edited as per test doc - most of this data is directly relevant -db -->
			

			<!-- ******************** RESULTS ************************ -->
			<!-- edited as per test doc - all of this data is directly relevant -db -->
			<component>
				<section nullFlavor="NI">
					<!-- Results Section (entries required) (V3) -->
					<templateId root="2.16.840.1.113883.10.20.22.2.3.1" extension="2015-08-01"/>
					<templateId root="2.16.840.1.113883.10.20.22.2.3.1"/>
					<code code="30954-2" codeSystem="2.16.840.1.113883.6.1" codeSystemName="LOINC" displayName="RESULTS"/>
					<title>RESULTS</title>
					<text>
		<table border="1">
			<thead>
				<tr>
					<th colspan="4">Lab + Results</th>
				</tr>
				<tr>
					<th colspan="4">1742-6 GPT (ALT SerPl-cCnc)</th>
				</tr>
			</thead>
			<tbody>
				
				<tr ID="Result1">
					<th>Description</th>
					<th>Value / Unit</th>
					<th>Interpretation</th>
					<th>Reference Range</th>
				</tr>
				<tr>
					<td>GPT (ALT SerPl-cCnc</td>
					<td>5</td>
					<td>Normal</td>
					<td>3-6</td>
				</tr >
					<tr>
					<td>GPT (ALT SerPl-cCnc</td>
					<td>2</td>
					<td>Low</td>
					<td>3-6</td>
				</tr>
				<tr>
					<td>GPT (ALT SerPl-cCnc</td>
					<td>5</td>
					<td>Normal</td>
					<td>3-6</td>
				</tr>
				<tr>
					<td>GPT (ALT SerPl-cCnc</td>
					<td>7</td>
					<td>High</td>
					<td>3-6</td>
				</tr>
			</tbody>
		</table>
	</text>
	<entry>
		<!-- A complete urinanalysis would return multiple components, but only the urine color example is shown below to demonstrate a string result-->
		<organizer classCode="BATTERY" moodCode="EVN">
			<templateId root="2.16.840.1.113883.10.20.22.4.1"/>
			<templateId root="2.16.840.1.113883.10.20.22.4.1" extension="2015-08-01"/>
			<id root="f1aa44dd-6f39-4f5c-b267-897c3824b563"/>
			<code code="24356-8" displayName="Urinalysis complete pnl Ur"
				codeSystem="2.16.840.1.113883.6.1" codeSystemName="LOINC"/>
			<statusCode code="completed"/>
			<effectiveTime>
				<low value="201310230910-0500"/>
				<high value="201310230910-0500"/>
			</effectiveTime>
			<component>
				<observation classCode="OBS" moodCode="EVN">
					<templateId root="2.16.840.1.113883.10.20.22.4.2"/>
					<templateId root="2.16.840.1.113883.10.20.22.4.2" extension="2015-08-01"/>
					<id root="f1aa44dd-6f39-4f5c-b267-897c3824b563"/>
					<code code="5778-6" displayName="Color of Urine"
						codeSystem="2.16.840.1.113883.6.1" codeSystemName="LOINC"/>
					<text>
						<reference value="#Result1"/>
					</text>
					<statusCode code="completed"/>
					<effectiveTime value="20131023090823-0500"/>
					<!-- Representing a result returned as unstructured string-->
					<!-- There may be a code for this and other colors, but this would be practice when the code is not provided or unkonwn-->
					<value xsi:type="ST">Amber</value>
					<interpretationCode code="N" codeSystem="2.16.840.1.113883.5.83"/>
				</observation>
			</component>
			<!-- A complete urinanalysis would return multiple components, but only the urine color example is shown above-->
		</organizer>
	</entry>
				</section>
			</component>			

			<!-- removed component Advance Directives as not required by test data -db -->

			<!-- removed component Family History as not required by test data -db -->

			<!-- removed component Functional Status as not required by test data (specific to 170.315(b)(1), (b)(2)) -db -->

			<!-- removed component Medical Equipment as not required by test data -db -->

			<!-- removed component Payers as not required by test data -db -->

			<!-- added Assessment -db -->			
			<!-- 
			********************************************************
			Assessment
			********************************************************
			-->
			<!-- edited as per test doc - all of this data is directly relevant -db -->
			<component>
				<section nullFlavor="NI">
					<!-- Assessment Section -db -->
					<!-- There is no R2.1 (or 2.0) version of Assessment Section, using R1.1 templateId only -db -->
					<templateId root="2.16.840.1.113883.10.20.22.2.8"/>
					<code codeSystem="2.16.840.1.113883.6.1" 
						 codeSystemName="LOINC" code="51848-0" 
						 displayName="ASSESSMENTS"/>
					<title>ASSESSMENTS</title>
					<text>No assessment information</text>
				</section>
			</component>

			<!-- ******************* PLAN OF TREATMENT ********************** -->
			<!-- edited as per test doc - all of this data is directly relevant -db -->
			<component>
				<section>
					<!--  **** Plan of Treatment Section (V2) **** -->
					<templateId root="2.16.840.1.113883.10.20.22.2.10" extension="2014-06-09"/>
					<templateId root="2.16.840.1.113883.10.20.22.2.10"/>
					<code code="18776-5" codeSystem="2.16.840.1.113883.6.1" codeSystemName="LOINC" displayName="Treatment plan"/>
					<title>TREATMENT PLAN</title>
					<text>
						No Plan of treatment
					</text>
				</section>
			</component>

			<!-- Added Goals - original version from C-CDA_R2_Care_Plan.xml from R2.0 IG package.
			     There are no duplicated template Ids with extensions -
				 as there is only one version in existence for each section and entry listed -db -->
			<!-- 
                ********************************************************
                Goals
                ********************************************************
            -->
			<!-- edited as per test doc -db -->			
			<component>
				<section nullFlavor="NI">
					<!-- Goals Section -->
					<templateId root="2.16.840.1.113883.10.20.22.2.60"/>
					<code code="61146-7" displayName="Goals" codeSystem="2.16.840.1.113883.6.1" codeSystemName="LOINC"/>
					<title>Goals Section</title>
					<text>No goal information</text>
				</section>
			</component>

			<!-- added Health Concerns -db -->
			<!-- Note: There is no R1.1 version of Health Concerns Section or Health Concern Act -
				 so there is only one templateId per section (they're NEW) -db -->
			<!-- updated as per ETF	https://github.com/brettmarquard/HL7-C-CDA-Task-Force-Examples/blob/master/No_Known_Health_Concerns.xml 
			-db -->
			<!-- 
			********************************************************
			Health Concerns
			********************************************************
			-->
			<!-- edited as per test doc -db -->					
			<component>
				<!-- This example records assertion of no concerns -->
				<section>
					<!-- Health Concerns Section (V2) (V1 was added as a NEW template in R2.0, V2 was updated in R2.1) -db -->
					<templateId root="2.16.840.1.113883.10.20.22.2.58" extension="2015-08-01"/>
					<code code="75310-3" displayName="Health Concerns Document"
						codeSystem="2.16.840.1.113883.6.1" codeSystemName="LOINC"/>
					<title>Health Concerns</title>
					<!--Including ID at text element is allowed -->
					<text ID="HealthConcern_1">No Known Health Concerns on 07/22/2015</text>
					<entry typeCode="COMP">
						<!-- negationInd=true indicates no known health concerns at the stated time-->
						<act classCode="ACT" moodCode="EVN" negationInd="true">
							<!-- There is no V1 version of this template -db -->
							<templateId root="2.16.840.1.113883.10.20.22.4.132" extension="2015-08-01"/>
							<id root="4eab0e52-dd7d-4285-99eb-72d32ddb195d"/>
							<code code="75310-3" codeSystem="2.16.840.1.113883.6.1" codeSystemName="LOINC"
								displayName="Health Concern"/>
							<text>
								<reference value="#HealthConcern_1"/>
							</text>
							<!-- This Health Concern has a statusCode of concern because assertion is ongoing -->
							<statusCode code="active"/>
							<!-- The effective time is the date that the Health Concern started being followed - 
								this does not necessarily correlate to the onset date of the contained health issues-->
							<effectiveTime value="20150722"/>
							<!-- Time at which THIS “concern” began being tracked.-->
						</act>
					</entry>
				</section>
			</component>		

			<!-- 
			************************************
			HOSPITAL DISCHARGE INSTRUCTIONS
			************************************ 
			-->
			<component>
				<section>
					<!-- Hospital Discharge Instructions Section - no R2.1 version for this template -db -->
					<templateId
					  root="2.16.840.1.113883.10.20.22.2.41"/>
					<code
					  code="8653-8"
					  codeSystem="2.16.840.1.113883.6.1"
					  codeSystemName="LOINC"
					  displayName="HOSPITAL DISCHARGE INSTRUCTIONS"/>
					<title>HOSPITAL DISCHARGE INSTRUCTIONS</title>
					<!-- Unstructured text field -->
					<text>
						<list
						  listType="ordered">
							<item>Appointments: Schedule an appointment with Dr Seven after 1 week. Follow up with Outpatient facility.</item>
							<item>In case of fever, take Tylenol as advised in plan of treatment.</item>
						</list>
					</text>
				</section>
			</component>				

			<!-- removed Reason for Referral -db -->	

			<!-- added Mental Status Section (V2) (used to be NEW in R2.0) 2.16.840.1.113883.10.20.22.2.56 as required by VDT inp test data -db -->
			<!-- 
			********************************************************
			Mental Status Section
			********************************************************
			-->		
			<component>
				<section nullFlavor="NI">
					<!-- note: the IG lists the wrong templateId in its example of this section, lists ...2,14 instead of 2.56 -db -->
					<!-- There is no R1.1 version of this template -db -->
					<templateId root="2.16.840.1.113883.10.20.22.2.56" extension="2015-08-01" />
					<!-- Mental Status Section -->
					<code code="10190-7" codeSystem="2.16.840.1.113883.6.1" codeSystemName="LOINC" displayName="MENTAL STATUS" />
					<title>MENTAL STATUS</title>
					<text>No information</text>
				</section>	
			</component>

			<!-- added component Functional Status as required by test data -db -->
			<!-- 
			********************************************************
			FUNCTIONAL STATUS
			********************************************************
			-->			
			<component>				
				<section nullFlavor="NI">
					<!-- Functional Status Section (V2)-->
					<templateId root="2.16.840.1.113883.10.20.22.2.14" extension="2014-06-09"/>
					<!-- Functional Status Section -->
					<templateId root="2.16.840.1.113883.10.20.22.2.14"/>
					<code code="47420-5" codeSystem="2.16.840.1.113883.6.1" codeSystemName="LOINC" displayName="Functional Status"/>
					<title>FUNCTIONAL STATUS</title>
					<text>No information</text>
				</section>
			</component>

			<!-- added Interventions -->
			<!-- 
			********************************************************
			INTERVENTIONS
			********************************************************
			-->

			<component>
				<section nullFlavor="NI">
					<templateId root="2.16.840.1.113883.10.20.21.2.3" extension="2015-08-01" />
					<code code="62387-6" displayName="Interventions Provided" codeSystem="2.16.840.1.113883.6.1" codeSystemName="LOINC" />
					<title>Interventions Section</title>
					<text>No intervention information</text>
				</section>
			</component>

		</structuredBody>
	</component>
</ClinicalDocument>